-- [users]
INSERT INTO users (user_name, phone_num, email, pw) VALUES
                                                        ('Olivia', '010-1234-5678', 'olivia.kim01@gmail.com', '7261'),
                                                        ('Ethan', '010-9876-5432', 'ethan.lee87@naver.com', '4938'),
                                                        ('Sophia', '010-2468-1357', 'sophia_park22@daum.net', '1507'),
                                                        ('Liam', '010-1111-2222', 'liam.jung98@outlook.com', '8023'),
                                                        ('Chloe', '010-3690-1470', 'chloe.song11@gmail.com', '3479'),
                                                        ('Ella', '010-5555-6666', 'ella.han03@yahoo.com', '6150'),
                                                        ('Mason', '010-0824-1937', 'mason.kang55@hanmail.net', '9842'),
                                                        ('Lily', '010-4321-8765', 'lily_yoon88@gmail.com', '2386'),
                                                        ('Aiden', '010-2020-3030', 'aiden.ryu19@icloud.com', '4701'),
                                                        ('Noah', '010-1010-9090', 'noah_choi77@naver.com', '5913');

-- [cakes]
INSERT INTO cakes (cake_name, size, price, stock) VALUES
                                                      ('딸기케이크', 3, 38000, 73),
                                                      ('초코케이크', 2, 30000, 28),
                                                      ('생크림케이크', 3, 35000, 94),
                                                      ('치즈케이크', 3, 36000, 15),
                                                      ('레드벨벳케이크', 1, 28000, 61),
                                                      ('말차케이크', 2, 32000, 37),
                                                      ('블루베리케이크', 2, 33000, 86),
                                                      ('오레오케이크', 1, 27000, 42),
                                                      ('크레이프케이크', 1, 29000, 59),
                                                      ('우유케이크', 3, 34000, 8),
                                                      ('요거트케이크', 2, 32000, 67),
                                                      ('복숭아케이크', 1, 27000, 2);

-- [orders]
INSERT INTO orders (user_id, tot_price, order_date, candles) VALUES
                                                                 (1, 91000, '2025-04-29', 1),
                                                                 (4, 36000, '2025-04-29', 2),
                                                                 (3, 56000, '2025-05-01', 6),
                                                                 (2, 36000, '2025-05-02', 5),
                                                                 (1, 32000, '2025-05-10', 3),
                                                                 (5, 70000, '2025-05-26', 2),
                                                                 (7, 81000, '2025-06-02', 1),
                                                                 (4, 66000, '2025-06-02', 5),
                                                                 (10, 99000, '2025-06-03', 4),
                                                                 (6, 68000, '2025-06-05', 3);

-- [order_items]
INSERT INTO order_items (order_id, cake_name, count) VALUES
                                                         (1, '말차케이크', 2),
                                                         (1, '오레오케이크', 1),
                                                         (2, '치즈케이크', 1),
                                                         (3, '레드벨벳케이크', 2),
                                                         (4, '치즈케이크', 1),
                                                         (5, '요거트케이크', 1),
                                                         (6, '생크림케이크', 2),
                                                         (7, '복숭아케이크', 3),
                                                         (8, '블루베리케이크', 2),
                                                         (9, '크레이프케이크', 1),
                                                         (9, '우유케이크', 1),
                                                         (9, '치즈케이크', 1),
                                                         (10, '초코케이크', 1),
                                                         (10, '딸기케이크', 1);

-- [pick_ups]
INSERT INTO pick_ups (pickup_date, pickup_time, order_id, status) VALUES
                                                                     ('2025-05-05', 11, 1, TRUE),
                                                                     ('2025-05-08', 13, 2, TRUE),
                                                                     ('2025-06-01', 15, 3, FALSE),
                                                                     ('2025-05-30', 14, 4, TRUE),
                                                                     ('2025-05-27', 13, 5, TRUE),
                                                                     ('2025-06-02', 15, 6, FALSE),
                                                                     ('2025-06-10', 16, 7, FALSE),
                                                                     ('2025-06-14', 12, 8, FALSE),
                                                                     ('2025-06-14', 14, 9, FALSE),
                                                                     ('2025-06-08', 14, 10, FALSE);
